index,label,prediction,result,filename
0,7,7,correct,correct/mnist_0000_label7_pred7.hex
1,2,2,correct,correct/mnist_0001_label2_pred2.hex
2,1,1,correct,correct/mnist_0002_label1_pred1.hex
3,0,0,correct,correct/mnist_0003_label0_pred0.hex
4,4,4,correct,correct/mnist_0004_label4_pred4.hex
5,1,1,correct,correct/mnist_0005_label1_pred1.hex
6,4,4,correct,correct/mnist_0006_label4_pred4.hex
7,9,9,correct,correct/mnist_0007_label9_pred9.hex
8,5,4,incorrect,incorrect/mnist_0008_label5_pred4.hex
9,9,9,correct,correct/mnist_0009_label9_pred9.hex
10,0,0,correct,correct/mnist_0010_label0_pred0.hex
11,6,6,correct,correct/mnist_0011_label6_pred6.hex
12,9,9,correct,correct/mnist_0012_label9_pred9.hex
13,0,0,correct,correct/mnist_0013_label0_pred0.hex
14,1,1,correct,correct/mnist_0014_label1_pred1.hex
15,5,5,correct,correct/mnist_0015_label5_pred5.hex
16,9,9,correct,correct/mnist_0016_label9_pred9.hex
17,7,7,correct,correct/mnist_0017_label7_pred7.hex
18,3,3,correct,correct/mnist_0018_label3_pred3.hex
19,4,4,correct,correct/mnist_0019_label4_pred4.hex
20,9,9,correct,correct/mnist_0020_label9_pred9.hex
21,6,6,correct,correct/mnist_0021_label6_pred6.hex
22,6,6,correct,correct/mnist_0022_label6_pred6.hex
23,5,5,correct,correct/mnist_0023_label5_pred5.hex
24,4,4,correct,correct/mnist_0024_label4_pred4.hex
25,0,0,correct,correct/mnist_0025_label0_pred0.hex
26,7,7,correct,correct/mnist_0026_label7_pred7.hex
27,4,4,correct,correct/mnist_0027_label4_pred4.hex
28,0,0,correct,correct/mnist_0028_label0_pred0.hex
29,1,1,correct,correct/mnist_0029_label1_pred1.hex
30,3,3,correct,correct/mnist_0030_label3_pred3.hex
31,1,1,correct,correct/mnist_0031_label1_pred1.hex
32,3,3,correct,correct/mnist_0032_label3_pred3.hex
33,4,0,incorrect,incorrect/mnist_0033_label4_pred0.hex
34,7,7,correct,correct/mnist_0034_label7_pred7.hex
35,2,2,correct,correct/mnist_0035_label2_pred2.hex
36,7,7,correct,correct/mnist_0036_label7_pred7.hex
37,1,1,correct,correct/mnist_0037_label1_pred1.hex
38,2,2,correct,correct/mnist_0038_label2_pred2.hex
39,1,1,correct,correct/mnist_0039_label1_pred1.hex
40,1,1,correct,correct/mnist_0040_label1_pred1.hex
41,7,7,correct,correct/mnist_0041_label7_pred7.hex
42,4,4,correct,correct/mnist_0042_label4_pred4.hex
43,2,2,correct,correct/mnist_0043_label2_pred2.hex
44,3,3,correct,correct/mnist_0044_label3_pred3.hex
45,5,5,correct,correct/mnist_0045_label5_pred5.hex
46,1,1,correct,correct/mnist_0046_label1_pred1.hex
47,2,2,correct,correct/mnist_0047_label2_pred2.hex
48,4,4,correct,correct/mnist_0048_label4_pred4.hex
49,4,4,correct,correct/mnist_0049_label4_pred4.hex
50,6,6,correct,correct/mnist_0050_label6_pred6.hex
51,3,3,correct,correct/mnist_0051_label3_pred3.hex
52,5,5,correct,correct/mnist_0052_label5_pred5.hex
53,5,5,correct,correct/mnist_0053_label5_pred5.hex
54,6,2,incorrect,incorrect/mnist_0054_label6_pred2.hex
55,0,0,correct,correct/mnist_0055_label0_pred0.hex
56,4,4,correct,correct/mnist_0056_label4_pred4.hex
57,1,1,correct,correct/mnist_0057_label1_pred1.hex
58,9,9,correct,correct/mnist_0058_label9_pred9.hex
59,5,5,correct,correct/mnist_0059_label5_pred5.hex
60,7,7,correct,correct/mnist_0060_label7_pred7.hex
61,8,8,correct,correct/mnist_0061_label8_pred8.hex
62,9,9,correct,correct/mnist_0062_label9_pred9.hex
63,3,3,correct,correct/mnist_0063_label3_pred3.hex
64,7,7,correct,correct/mnist_0064_label7_pred7.hex
65,4,4,correct,correct/mnist_0065_label4_pred4.hex
66,6,2,incorrect,incorrect/mnist_0066_label6_pred2.hex
67,4,4,correct,correct/mnist_0067_label4_pred4.hex
68,3,3,correct,correct/mnist_0068_label3_pred3.hex
69,0,0,correct,correct/mnist_0069_label0_pred0.hex
70,7,7,correct,correct/mnist_0070_label7_pred7.hex
71,0,0,correct,correct/mnist_0071_label0_pred0.hex
72,2,2,correct,correct/mnist_0072_label2_pred2.hex
73,9,9,correct,correct/mnist_0073_label9_pred9.hex
74,1,1,correct,correct/mnist_0074_label1_pred1.hex
75,7,7,correct,correct/mnist_0075_label7_pred7.hex
76,3,3,correct,correct/mnist_0076_label3_pred3.hex
77,2,2,correct,correct/mnist_0077_label2_pred2.hex
78,9,9,correct,correct/mnist_0078_label9_pred9.hex
79,7,7,correct,correct/mnist_0079_label7_pred7.hex
80,7,7,correct,correct/mnist_0080_label7_pred7.hex
81,6,6,correct,correct/mnist_0081_label6_pred6.hex
82,2,2,correct,correct/mnist_0082_label2_pred2.hex
83,7,7,correct,correct/mnist_0083_label7_pred7.hex
84,8,8,correct,correct/mnist_0084_label8_pred8.hex
85,4,4,correct,correct/mnist_0085_label4_pred4.hex
86,7,7,correct,correct/mnist_0086_label7_pred7.hex
87,3,3,correct,correct/mnist_0087_label3_pred3.hex
88,6,6,correct,correct/mnist_0088_label6_pred6.hex
89,1,1,correct,correct/mnist_0089_label1_pred1.hex
90,3,3,correct,correct/mnist_0090_label3_pred3.hex
91,6,6,correct,correct/mnist_0091_label6_pred6.hex
92,9,8,incorrect,incorrect/mnist_0092_label9_pred8.hex
93,3,3,correct,correct/mnist_0093_label3_pred3.hex
94,1,1,correct,correct/mnist_0094_label1_pred1.hex
95,4,4,correct,correct/mnist_0095_label4_pred4.hex
96,1,1,correct,correct/mnist_0096_label1_pred1.hex
97,7,7,correct,correct/mnist_0097_label7_pred7.hex
98,6,6,correct,correct/mnist_0098_label6_pred6.hex
99,9,9,correct,correct/mnist_0099_label9_pred9.hex
100,6,6,correct,correct/mnist_0100_label6_pred6.hex
101,0,0,correct,correct/mnist_0101_label0_pred0.hex
102,5,5,correct,correct/mnist_0102_label5_pred5.hex
103,4,4,correct,correct/mnist_0103_label4_pred4.hex
104,9,9,correct,correct/mnist_0104_label9_pred9.hex
105,9,9,correct,correct/mnist_0105_label9_pred9.hex
106,2,2,correct,correct/mnist_0106_label2_pred2.hex
107,1,1,correct,correct/mnist_0107_label1_pred1.hex
108,9,9,correct,correct/mnist_0108_label9_pred9.hex
109,4,4,correct,correct/mnist_0109_label4_pred4.hex
110,8,8,correct,correct/mnist_0110_label8_pred8.hex
111,7,1,incorrect,incorrect/mnist_0111_label7_pred1.hex
112,3,3,correct,correct/mnist_0112_label3_pred3.hex
113,9,9,correct,correct/mnist_0113_label9_pred9.hex
114,7,7,correct,correct/mnist_0114_label7_pred7.hex
115,4,4,correct,correct/mnist_0115_label4_pred4.hex
116,4,4,correct,correct/mnist_0116_label4_pred4.hex
117,4,4,correct,correct/mnist_0117_label4_pred4.hex
118,9,9,correct,correct/mnist_0118_label9_pred9.hex
119,2,2,correct,correct/mnist_0119_label2_pred2.hex
120,5,5,correct,correct/mnist_0120_label5_pred5.hex
121,4,4,correct,correct/mnist_0121_label4_pred4.hex
122,7,7,correct,correct/mnist_0122_label7_pred7.hex
123,6,6,correct,correct/mnist_0123_label6_pred6.hex
124,7,4,incorrect,incorrect/mnist_0124_label7_pred4.hex
125,9,9,correct,correct/mnist_0125_label9_pred9.hex
126,0,0,correct,correct/mnist_0126_label0_pred0.hex
127,5,5,correct,correct/mnist_0127_label5_pred5.hex
128,8,8,correct,correct/mnist_0128_label8_pred8.hex
129,5,5,correct,correct/mnist_0129_label5_pred5.hex
130,6,6,correct,correct/mnist_0130_label6_pred6.hex
131,6,6,correct,correct/mnist_0131_label6_pred6.hex
132,5,5,correct,correct/mnist_0132_label5_pred5.hex
133,7,2,incorrect,incorrect/mnist_0133_label7_pred2.hex
134,8,8,correct,correct/mnist_0134_label8_pred8.hex
135,1,1,correct,correct/mnist_0135_label1_pred1.hex
136,0,0,correct,correct/mnist_0136_label0_pred0.hex
137,1,1,correct,correct/mnist_0137_label1_pred1.hex
138,6,6,correct,correct/mnist_0138_label6_pred6.hex
139,4,4,correct,correct/mnist_0139_label4_pred4.hex
140,6,6,correct,correct/mnist_0140_label6_pred6.hex
141,7,7,correct,correct/mnist_0141_label7_pred7.hex
142,3,3,correct,correct/mnist_0142_label3_pred3.hex
143,1,1,correct,correct/mnist_0143_label1_pred1.hex
144,7,7,correct,correct/mnist_0144_label7_pred7.hex
145,1,1,correct,correct/mnist_0145_label1_pred1.hex
146,8,8,correct,correct/mnist_0146_label8_pred8.hex
147,2,2,correct,correct/mnist_0147_label2_pred2.hex
148,0,0,correct,correct/mnist_0148_label0_pred0.hex
149,2,1,incorrect,incorrect/mnist_0149_label2_pred1.hex
150,9,4,incorrect,incorrect/mnist_0150_label9_pred4.hex
151,9,8,incorrect,incorrect/mnist_0151_label9_pred8.hex
152,5,5,correct,correct/mnist_0152_label5_pred5.hex
153,5,3,incorrect,incorrect/mnist_0153_label5_pred3.hex
154,1,1,correct,correct/mnist_0154_label1_pred1.hex
155,5,5,correct,correct/mnist_0155_label5_pred5.hex
156,6,6,correct,correct/mnist_0156_label6_pred6.hex
157,0,0,correct,correct/mnist_0157_label0_pred0.hex
158,3,2,incorrect,incorrect/mnist_0158_label3_pred2.hex
159,4,4,correct,correct/mnist_0159_label4_pred4.hex
160,4,4,correct,correct/mnist_0160_label4_pred4.hex
161,6,6,correct,correct/mnist_0161_label6_pred6.hex
162,5,5,correct,correct/mnist_0162_label5_pred5.hex
163,4,4,correct,correct/mnist_0163_label4_pred4.hex
164,6,6,correct,correct/mnist_0164_label6_pred6.hex
165,5,5,correct,correct/mnist_0165_label5_pred5.hex
166,4,4,correct,correct/mnist_0166_label4_pred4.hex
167,5,5,correct,correct/mnist_0167_label5_pred5.hex
168,1,1,correct,correct/mnist_0168_label1_pred1.hex
169,4,4,correct,correct/mnist_0169_label4_pred4.hex
170,4,4,correct,correct/mnist_0170_label4_pred4.hex
171,7,7,correct,correct/mnist_0171_label7_pred7.hex
172,2,2,correct,correct/mnist_0172_label2_pred2.hex
173,3,3,correct,correct/mnist_0173_label3_pred3.hex
174,2,2,correct,correct/mnist_0174_label2_pred2.hex
175,7,3,incorrect,incorrect/mnist_0175_label7_pred3.hex
176,1,1,correct,correct/mnist_0176_label1_pred1.hex
177,8,8,correct,correct/mnist_0177_label8_pred8.hex
178,1,1,correct,correct/mnist_0178_label1_pred1.hex
179,8,8,correct,correct/mnist_0179_label8_pred8.hex
180,1,1,correct,correct/mnist_0180_label1_pred1.hex
181,8,8,correct,correct/mnist_0181_label8_pred8.hex
182,5,5,correct,correct/mnist_0182_label5_pred5.hex
183,0,0,correct,correct/mnist_0183_label0_pred0.hex
184,8,8,correct,correct/mnist_0184_label8_pred8.hex
185,9,9,correct,correct/mnist_0185_label9_pred9.hex
186,2,2,correct,correct/mnist_0186_label2_pred2.hex
187,5,3,incorrect,incorrect/mnist_0187_label5_pred3.hex
188,0,0,correct,correct/mnist_0188_label0_pred0.hex
189,1,1,correct,correct/mnist_0189_label1_pred1.hex
190,1,1,correct,correct/mnist_0190_label1_pred1.hex
191,1,1,correct,correct/mnist_0191_label1_pred1.hex
192,0,0,correct,correct/mnist_0192_label0_pred0.hex
193,9,3,incorrect,incorrect/mnist_0193_label9_pred3.hex
194,0,0,correct,correct/mnist_0194_label0_pred0.hex
195,3,8,incorrect,incorrect/mnist_0195_label3_pred8.hex
196,1,1,correct,correct/mnist_0196_label1_pred1.hex
197,6,6,correct,correct/mnist_0197_label6_pred6.hex
198,4,4,correct,correct/mnist_0198_label4_pred4.hex
199,2,2,correct,correct/mnist_0199_label2_pred2.hex
200,3,3,correct,correct/mnist_0200_label3_pred3.hex
201,6,6,correct,correct/mnist_0201_label6_pred6.hex
202,1,1,correct,correct/mnist_0202_label1_pred1.hex
203,1,1,correct,correct/mnist_0203_label1_pred1.hex
204,1,1,correct,correct/mnist_0204_label1_pred1.hex
205,3,3,correct,correct/mnist_0205_label3_pred3.hex
206,9,9,correct,correct/mnist_0206_label9_pred9.hex
207,5,5,correct,correct/mnist_0207_label5_pred5.hex
208,2,2,correct,correct/mnist_0208_label2_pred2.hex
209,9,9,correct,correct/mnist_0209_label9_pred9.hex
210,4,4,correct,correct/mnist_0210_label4_pred4.hex
211,5,5,correct,correct/mnist_0211_label5_pred5.hex
212,9,9,correct,correct/mnist_0212_label9_pred9.hex
213,3,3,correct,correct/mnist_0213_label3_pred3.hex
214,9,9,correct,correct/mnist_0214_label9_pred9.hex
215,0,0,correct,correct/mnist_0215_label0_pred0.hex
216,3,3,correct,correct/mnist_0216_label3_pred3.hex
217,6,6,correct,correct/mnist_0217_label6_pred6.hex
218,5,5,correct,correct/mnist_0218_label5_pred5.hex
219,5,3,incorrect,incorrect/mnist_0219_label5_pred3.hex
220,7,7,correct,correct/mnist_0220_label7_pred7.hex
221,2,2,correct,correct/mnist_0221_label2_pred2.hex
222,2,2,correct,correct/mnist_0222_label2_pred2.hex
223,7,7,correct,correct/mnist_0223_label7_pred7.hex
224,1,1,correct,correct/mnist_0224_label1_pred1.hex
225,2,2,correct,correct/mnist_0225_label2_pred2.hex
226,8,8,correct,correct/mnist_0226_label8_pred8.hex
227,4,4,correct,correct/mnist_0227_label4_pred4.hex
228,1,1,correct,correct/mnist_0228_label1_pred1.hex
229,7,7,correct,correct/mnist_0229_label7_pred7.hex
230,3,3,correct,correct/mnist_0230_label3_pred3.hex
231,3,3,correct,correct/mnist_0231_label3_pred3.hex
232,8,8,correct,correct/mnist_0232_label8_pred8.hex
233,8,7,incorrect,incorrect/mnist_0233_label8_pred7.hex
234,7,7,correct,correct/mnist_0234_label7_pred7.hex
235,9,7,incorrect,incorrect/mnist_0235_label9_pred7.hex
236,2,2,correct,correct/mnist_0236_label2_pred2.hex
237,2,2,correct,correct/mnist_0237_label2_pred2.hex
238,4,4,correct,correct/mnist_0238_label4_pred4.hex
239,1,1,correct,correct/mnist_0239_label1_pred1.hex
240,5,5,correct,correct/mnist_0240_label5_pred5.hex
241,9,3,incorrect,incorrect/mnist_0241_label9_pred3.hex
242,8,8,correct,correct/mnist_0242_label8_pred8.hex
243,7,7,correct,correct/mnist_0243_label7_pred7.hex
244,2,2,correct,correct/mnist_0244_label2_pred2.hex
245,3,3,correct,correct/mnist_0245_label3_pred3.hex
246,0,0,correct,correct/mnist_0246_label0_pred0.hex
247,4,2,incorrect,incorrect/mnist_0247_label4_pred2.hex
248,4,4,correct,correct/mnist_0248_label4_pred4.hex
249,2,2,correct,correct/mnist_0249_label2_pred2.hex
250,4,4,correct,correct/mnist_0250_label4_pred4.hex
251,1,1,correct,correct/mnist_0251_label1_pred1.hex
252,9,9,correct,correct/mnist_0252_label9_pred9.hex
253,5,5,correct,correct/mnist_0253_label5_pred5.hex
254,7,7,correct,correct/mnist_0254_label7_pred7.hex
255,7,7,correct,correct/mnist_0255_label7_pred7.hex
256,2,2,correct,correct/mnist_0256_label2_pred2.hex
257,8,1,incorrect,incorrect/mnist_0257_label8_pred1.hex
258,2,2,correct,correct/mnist_0258_label2_pred2.hex
259,6,0,incorrect,incorrect/mnist_0259_label6_pred0.hex
260,8,8,correct,correct/mnist_0260_label8_pred8.hex
261,5,3,incorrect,incorrect/mnist_0261_label5_pred3.hex
262,7,7,correct,correct/mnist_0262_label7_pred7.hex
263,7,7,correct,correct/mnist_0263_label7_pred7.hex
264,9,1,incorrect,incorrect/mnist_0264_label9_pred1.hex
265,1,1,correct,correct/mnist_0265_label1_pred1.hex
266,8,8,correct,correct/mnist_0266_label8_pred8.hex
267,1,1,correct,correct/mnist_0267_label1_pred1.hex
268,8,8,correct,correct/mnist_0268_label8_pred8.hex
269,0,0,correct,correct/mnist_0269_label0_pred0.hex
270,3,3,correct,correct/mnist_0270_label3_pred3.hex
271,0,0,correct,correct/mnist_0271_label0_pred0.hex
272,1,1,correct,correct/mnist_0272_label1_pred1.hex
273,9,9,correct,correct/mnist_0273_label9_pred9.hex
274,9,9,correct,correct/mnist_0274_label9_pred9.hex
275,4,4,correct,correct/mnist_0275_label4_pred4.hex
276,1,1,correct,correct/mnist_0276_label1_pred1.hex
277,8,8,correct,correct/mnist_0277_label8_pred8.hex
278,2,2,correct,correct/mnist_0278_label2_pred2.hex
279,1,1,correct,correct/mnist_0279_label1_pred1.hex
280,2,2,correct,correct/mnist_0280_label2_pred2.hex
281,9,9,correct,correct/mnist_0281_label9_pred9.hex
282,7,2,incorrect,incorrect/mnist_0282_label7_pred2.hex
283,5,5,correct,correct/mnist_0283_label5_pred5.hex
284,9,9,correct,correct/mnist_0284_label9_pred9.hex
285,2,2,correct,correct/mnist_0285_label2_pred2.hex
286,6,6,correct,correct/mnist_0286_label6_pred6.hex
287,4,4,correct,correct/mnist_0287_label4_pred4.hex
288,1,1,correct,correct/mnist_0288_label1_pred1.hex
289,5,5,correct,correct/mnist_0289_label5_pred5.hex
290,8,4,incorrect,incorrect/mnist_0290_label8_pred4.hex
291,2,2,correct,correct/mnist_0291_label2_pred2.hex
292,9,9,correct,correct/mnist_0292_label9_pred9.hex
293,2,2,correct,correct/mnist_0293_label2_pred2.hex
294,0,0,correct,correct/mnist_0294_label0_pred0.hex
295,4,4,correct,correct/mnist_0295_label4_pred4.hex
296,0,0,correct,correct/mnist_0296_label0_pred0.hex
297,0,0,correct,correct/mnist_0297_label0_pred0.hex
298,2,2,correct,correct/mnist_0298_label2_pred2.hex
299,8,8,correct,correct/mnist_0299_label8_pred8.hex
300,4,6,incorrect,incorrect/mnist_0300_label4_pred6.hex
301,7,7,correct,correct/mnist_0301_label7_pred7.hex
302,1,1,correct,correct/mnist_0302_label1_pred1.hex
303,2,2,correct,correct/mnist_0303_label2_pred2.hex
304,4,4,correct,correct/mnist_0304_label4_pred4.hex
305,0,0,correct,correct/mnist_0305_label0_pred0.hex
306,2,2,correct,correct/mnist_0306_label2_pred2.hex
307,7,7,correct,correct/mnist_0307_label7_pred7.hex
308,4,4,correct,correct/mnist_0308_label4_pred4.hex
309,3,3,correct,correct/mnist_0309_label3_pred3.hex
310,3,3,correct,correct/mnist_0310_label3_pred3.hex
311,0,0,correct,correct/mnist_0311_label0_pred0.hex
312,0,0,correct,correct/mnist_0312_label0_pred0.hex
313,3,5,incorrect,incorrect/mnist_0313_label3_pred5.hex
314,1,1,correct,correct/mnist_0314_label1_pred1.hex
315,9,9,correct,correct/mnist_0315_label9_pred9.hex
316,6,6,correct,correct/mnist_0316_label6_pred6.hex
317,5,4,incorrect,incorrect/mnist_0317_label5_pred4.hex
318,2,2,correct,correct/mnist_0318_label2_pred2.hex
319,5,5,correct,correct/mnist_0319_label5_pred5.hex
320,9,1,incorrect,incorrect/mnist_0320_label9_pred1.hex
321,2,7,incorrect,incorrect/mnist_0321_label2_pred7.hex
322,9,9,correct,correct/mnist_0322_label9_pred9.hex
323,3,3,correct,correct/mnist_0323_label3_pred3.hex
324,0,0,correct,correct/mnist_0324_label0_pred0.hex
325,4,4,correct,correct/mnist_0325_label4_pred4.hex
326,2,2,correct,correct/mnist_0326_label2_pred2.hex
327,0,0,correct,correct/mnist_0327_label0_pred0.hex
328,7,7,correct,correct/mnist_0328_label7_pred7.hex
329,1,1,correct,correct/mnist_0329_label1_pred1.hex
330,1,1,correct,correct/mnist_0330_label1_pred1.hex
331,2,2,correct,correct/mnist_0331_label2_pred2.hex
332,1,1,correct,correct/mnist_0332_label1_pred1.hex
333,5,5,correct,correct/mnist_0333_label5_pred5.hex
334,3,3,correct,correct/mnist_0334_label3_pred3.hex
335,3,3,correct,correct/mnist_0335_label3_pred3.hex
336,9,9,correct,correct/mnist_0336_label9_pred9.hex
337,7,7,correct,correct/mnist_0337_label7_pred7.hex
338,8,0,incorrect,incorrect/mnist_0338_label8_pred0.hex
339,6,6,correct,correct/mnist_0339_label6_pred6.hex
340,5,3,incorrect,incorrect/mnist_0340_label5_pred3.hex
341,6,4,incorrect,incorrect/mnist_0341_label6_pred4.hex
342,1,1,correct,correct/mnist_0342_label1_pred1.hex
343,3,3,correct,correct/mnist_0343_label3_pred3.hex
344,8,8,correct,correct/mnist_0344_label8_pred8.hex
345,1,1,correct,correct/mnist_0345_label1_pred1.hex
346,0,0,correct,correct/mnist_0346_label0_pred0.hex
347,5,5,correct,correct/mnist_0347_label5_pred5.hex
348,1,1,correct,correct/mnist_0348_label1_pred1.hex
349,3,3,correct,correct/mnist_0349_label3_pred3.hex
350,1,1,correct,correct/mnist_0350_label1_pred1.hex
351,5,5,correct,correct/mnist_0351_label5_pred5.hex
352,5,0,incorrect,incorrect/mnist_0352_label5_pred0.hex
353,6,6,correct,correct/mnist_0353_label6_pred6.hex
354,1,1,correct,correct/mnist_0354_label1_pred1.hex
355,8,8,correct,correct/mnist_0355_label8_pred8.hex
356,5,5,correct,correct/mnist_0356_label5_pred5.hex
357,1,1,correct,correct/mnist_0357_label1_pred1.hex
358,7,7,correct,correct/mnist_0358_label7_pred7.hex
359,9,4,incorrect,incorrect/mnist_0359_label9_pred4.hex
360,4,4,correct,correct/mnist_0360_label4_pred4.hex
361,6,6,correct,correct/mnist_0361_label6_pred6.hex
362,2,7,incorrect,incorrect/mnist_0362_label2_pred7.hex
363,2,2,correct,correct/mnist_0363_label2_pred2.hex
364,5,5,correct,correct/mnist_0364_label5_pred5.hex
365,0,0,correct,correct/mnist_0365_label0_pred0.hex
366,6,2,incorrect,incorrect/mnist_0366_label6_pred2.hex
367,5,5,correct,correct/mnist_0367_label5_pred5.hex
368,6,6,correct,correct/mnist_0368_label6_pred6.hex
369,3,3,correct,correct/mnist_0369_label3_pred3.hex
370,7,7,correct,correct/mnist_0370_label7_pred7.hex
371,2,2,correct,correct/mnist_0371_label2_pred2.hex
372,0,0,correct,correct/mnist_0372_label0_pred0.hex
373,8,8,correct,correct/mnist_0373_label8_pred8.hex
374,8,8,correct,correct/mnist_0374_label8_pred8.hex
375,5,5,correct,correct/mnist_0375_label5_pred5.hex
376,4,9,incorrect,incorrect/mnist_0376_label4_pred9.hex
377,1,1,correct,correct/mnist_0377_label1_pred1.hex
378,1,1,correct,correct/mnist_0378_label1_pred1.hex
379,4,4,correct,correct/mnist_0379_label4_pred4.hex
380,0,0,correct,correct/mnist_0380_label0_pred0.hex
381,3,7,incorrect,incorrect/mnist_0381_label3_pred7.hex
382,3,3,correct,correct/mnist_0382_label3_pred3.hex
383,7,7,correct,correct/mnist_0383_label7_pred7.hex
384,6,6,correct,correct/mnist_0384_label6_pred6.hex
385,1,1,correct,correct/mnist_0385_label1_pred1.hex
386,6,0,incorrect,incorrect/mnist_0386_label6_pred0.hex
387,2,2,correct,correct/mnist_0387_label2_pred2.hex
388,1,1,correct,correct/mnist_0388_label1_pred1.hex
389,9,4,incorrect,incorrect/mnist_0389_label9_pred4.hex
390,2,2,correct,correct/mnist_0390_label2_pred2.hex
391,8,8,correct,correct/mnist_0391_label8_pred8.hex
392,6,6,correct,correct/mnist_0392_label6_pred6.hex
393,1,1,correct,correct/mnist_0393_label1_pred1.hex
394,9,9,correct,correct/mnist_0394_label9_pred9.hex
395,5,5,correct,correct/mnist_0395_label5_pred5.hex
396,2,2,correct,correct/mnist_0396_label2_pred2.hex
397,5,3,incorrect,incorrect/mnist_0397_label5_pred3.hex
398,4,4,correct,correct/mnist_0398_label4_pred4.hex
399,4,4,correct,correct/mnist_0399_label4_pred4.hex
400,2,2,correct,correct/mnist_0400_label2_pred2.hex
401,8,3,incorrect,incorrect/mnist_0401_label8_pred3.hex
402,3,3,correct,correct/mnist_0402_label3_pred3.hex
403,8,8,correct,correct/mnist_0403_label8_pred8.hex
404,2,2,correct,correct/mnist_0404_label2_pred2.hex
405,4,4,correct,correct/mnist_0405_label4_pred4.hex
406,5,0,incorrect,incorrect/mnist_0406_label5_pred0.hex
407,0,0,correct,correct/mnist_0407_label0_pred0.hex
408,3,3,correct,correct/mnist_0408_label3_pred3.hex
409,1,1,correct,correct/mnist_0409_label1_pred1.hex
410,7,7,correct,correct/mnist_0410_label7_pred7.hex
411,7,7,correct,correct/mnist_0411_label7_pred7.hex
412,5,3,incorrect,incorrect/mnist_0412_label5_pred3.hex
413,7,7,correct,correct/mnist_0413_label7_pred7.hex
414,9,9,correct,correct/mnist_0414_label9_pred9.hex
415,7,7,correct,correct/mnist_0415_label7_pred7.hex
416,1,1,correct,correct/mnist_0416_label1_pred1.hex
417,9,4,incorrect,incorrect/mnist_0417_label9_pred4.hex
418,2,2,correct,correct/mnist_0418_label2_pred2.hex
419,1,1,correct,correct/mnist_0419_label1_pred1.hex
420,4,4,correct,correct/mnist_0420_label4_pred4.hex
421,2,2,correct,correct/mnist_0421_label2_pred2.hex
422,9,9,correct,correct/mnist_0422_label9_pred9.hex
423,2,2,correct,correct/mnist_0423_label2_pred2.hex
424,0,0,correct,correct/mnist_0424_label0_pred0.hex
425,4,2,incorrect,incorrect/mnist_0425_label4_pred2.hex
426,9,9,correct,correct/mnist_0426_label9_pred9.hex
427,1,1,correct,correct/mnist_0427_label1_pred1.hex
428,4,4,correct,correct/mnist_0428_label4_pred4.hex
429,8,8,correct,correct/mnist_0429_label8_pred8.hex
430,1,1,correct,correct/mnist_0430_label1_pred1.hex
431,8,8,correct,correct/mnist_0431_label8_pred8.hex
432,4,4,correct,correct/mnist_0432_label4_pred4.hex
433,5,5,correct,correct/mnist_0433_label5_pred5.hex
434,9,9,correct,correct/mnist_0434_label9_pred9.hex
435,8,7,incorrect,incorrect/mnist_0435_label8_pred7.hex
436,8,8,correct,correct/mnist_0436_label8_pred8.hex
437,3,3,correct,correct/mnist_0437_label3_pred3.hex
438,7,7,correct,correct/mnist_0438_label7_pred7.hex
439,6,6,correct,correct/mnist_0439_label6_pred6.hex
440,0,0,correct,correct/mnist_0440_label0_pred0.hex
441,0,0,correct,correct/mnist_0441_label0_pred0.hex
442,3,3,correct,correct/mnist_0442_label3_pred3.hex
443,0,0,correct,correct/mnist_0443_label0_pred0.hex
444,2,2,correct,correct/mnist_0444_label2_pred2.hex
445,6,0,incorrect,incorrect/mnist_0445_label6_pred0.hex
446,6,6,correct,correct/mnist_0446_label6_pred6.hex
447,4,4,correct,correct/mnist_0447_label4_pred4.hex
448,9,5,incorrect,incorrect/mnist_0448_label9_pred5.hex
449,3,3,correct,correct/mnist_0449_label3_pred3.hex
450,3,3,correct,correct/mnist_0450_label3_pred3.hex
451,3,3,correct,correct/mnist_0451_label3_pred3.hex
452,2,1,incorrect,incorrect/mnist_0452_label2_pred1.hex
453,3,3,correct,correct/mnist_0453_label3_pred3.hex
454,9,9,correct,correct/mnist_0454_label9_pred9.hex
455,1,1,correct,correct/mnist_0455_label1_pred1.hex
456,2,2,correct,correct/mnist_0456_label2_pred2.hex
457,6,5,incorrect,incorrect/mnist_0457_label6_pred5.hex
458,8,8,correct,correct/mnist_0458_label8_pred8.hex
459,0,0,correct,correct/mnist_0459_label0_pred0.hex
460,5,3,incorrect,incorrect/mnist_0460_label5_pred3.hex
461,6,6,correct,correct/mnist_0461_label6_pred6.hex
462,6,6,correct,correct/mnist_0462_label6_pred6.hex
463,6,6,correct,correct/mnist_0463_label6_pred6.hex
464,3,7,incorrect,incorrect/mnist_0464_label3_pred7.hex
465,8,8,correct,correct/mnist_0465_label8_pred8.hex
466,8,8,correct,correct/mnist_0466_label8_pred8.hex
467,2,2,correct,correct/mnist_0467_label2_pred2.hex
468,7,2,incorrect,incorrect/mnist_0468_label7_pred2.hex
469,5,5,correct,correct/mnist_0469_label5_pred5.hex
470,8,8,correct,correct/mnist_0470_label8_pred8.hex
471,9,9,correct,correct/mnist_0471_label9_pred9.hex
472,6,6,correct,correct/mnist_0472_label6_pred6.hex
473,1,1,correct,correct/mnist_0473_label1_pred1.hex
474,8,8,correct,correct/mnist_0474_label8_pred8.hex
475,4,4,correct,correct/mnist_0475_label4_pred4.hex
476,1,1,correct,correct/mnist_0476_label1_pred1.hex
477,2,2,correct,correct/mnist_0477_label2_pred2.hex
478,5,5,correct,correct/mnist_0478_label5_pred5.hex
479,9,3,incorrect,incorrect/mnist_0479_label9_pred3.hex
480,1,1,correct,correct/mnist_0480_label1_pred1.hex
481,9,9,correct,correct/mnist_0481_label9_pred9.hex
482,7,7,correct,correct/mnist_0482_label7_pred7.hex
483,5,5,correct,correct/mnist_0483_label5_pred5.hex
484,4,4,correct,correct/mnist_0484_label4_pred4.hex
485,0,0,correct,correct/mnist_0485_label0_pred0.hex
486,8,5,incorrect,incorrect/mnist_0486_label8_pred5.hex
487,9,9,correct,correct/mnist_0487_label9_pred9.hex
488,9,7,incorrect,incorrect/mnist_0488_label9_pred7.hex
489,1,1,correct,correct/mnist_0489_label1_pred1.hex
490,0,0,correct,correct/mnist_0490_label0_pred0.hex
491,5,5,correct,correct/mnist_0491_label5_pred5.hex
492,2,2,correct,correct/mnist_0492_label2_pred2.hex
493,3,3,correct,correct/mnist_0493_label3_pred3.hex
494,7,7,correct,correct/mnist_0494_label7_pred7.hex
495,8,0,incorrect,incorrect/mnist_0495_label8_pred0.hex
496,9,9,correct,correct/mnist_0496_label9_pred9.hex
497,4,4,correct,correct/mnist_0497_label4_pred4.hex
498,0,0,correct,correct/mnist_0498_label0_pred0.hex
499,6,6,correct,correct/mnist_0499_label6_pred6.hex
500,3,3,correct,correct/mnist_0500_label3_pred3.hex
501,9,9,correct,correct/mnist_0501_label9_pred9.hex
502,5,3,incorrect,incorrect/mnist_0502_label5_pred3.hex
503,2,2,correct,correct/mnist_0503_label2_pred2.hex
504,1,1,correct,correct/mnist_0504_label1_pred1.hex
505,3,3,correct,correct/mnist_0505_label3_pred3.hex
506,1,1,correct,correct/mnist_0506_label1_pred1.hex
507,3,5,incorrect,incorrect/mnist_0507_label3_pred5.hex
508,6,0,incorrect,incorrect/mnist_0508_label6_pred0.hex
509,5,5,correct,correct/mnist_0509_label5_pred5.hex
510,7,2,incorrect,incorrect/mnist_0510_label7_pred2.hex
511,4,8,incorrect,incorrect/mnist_0511_label4_pred8.hex
512,2,2,correct,correct/mnist_0512_label2_pred2.hex
513,2,2,correct,correct/mnist_0513_label2_pred2.hex
514,6,2,incorrect,incorrect/mnist_0514_label6_pred2.hex
515,3,2,incorrect,incorrect/mnist_0515_label3_pred2.hex
516,2,2,correct,correct/mnist_0516_label2_pred2.hex
517,6,6,correct,correct/mnist_0517_label6_pred6.hex
518,5,5,correct,correct/mnist_0518_label5_pred5.hex
519,4,4,correct,correct/mnist_0519_label4_pred4.hex
520,8,1,incorrect,incorrect/mnist_0520_label8_pred1.hex
521,9,9,correct,correct/mnist_0521_label9_pred9.hex
522,7,7,correct,correct/mnist_0522_label7_pred7.hex
523,1,1,correct,correct/mnist_0523_label1_pred1.hex
524,3,3,correct,correct/mnist_0524_label3_pred3.hex
525,0,0,correct,correct/mnist_0525_label0_pred0.hex
526,3,3,correct,correct/mnist_0526_label3_pred3.hex
527,8,8,correct,correct/mnist_0527_label8_pred8.hex
528,3,2,incorrect,incorrect/mnist_0528_label3_pred2.hex
529,1,1,correct,correct/mnist_0529_label1_pred1.hex
530,9,9,correct,correct/mnist_0530_label9_pred9.hex
531,3,6,incorrect,incorrect/mnist_0531_label3_pred6.hex
532,4,4,correct,correct/mnist_0532_label4_pred4.hex
533,4,4,correct,correct/mnist_0533_label4_pred4.hex
534,6,6,correct,correct/mnist_0534_label6_pred6.hex
535,4,4,correct,correct/mnist_0535_label4_pred4.hex
536,2,1,incorrect,incorrect/mnist_0536_label2_pred1.hex
537,1,1,correct,correct/mnist_0537_label1_pred1.hex
538,8,8,correct,correct/mnist_0538_label8_pred8.hex
539,2,2,correct,correct/mnist_0539_label2_pred2.hex
540,5,5,correct,correct/mnist_0540_label5_pred5.hex
541,4,4,correct,correct/mnist_0541_label4_pred4.hex
542,8,8,correct,correct/mnist_0542_label8_pred8.hex
543,8,3,incorrect,incorrect/mnist_0543_label8_pred3.hex
544,4,4,correct,correct/mnist_0544_label4_pred4.hex
545,0,0,correct,correct/mnist_0545_label0_pred0.hex
546,0,0,correct,correct/mnist_0546_label0_pred0.hex
547,2,2,correct,correct/mnist_0547_label2_pred2.hex
548,3,3,correct,correct/mnist_0548_label3_pred3.hex
549,2,2,correct,correct/mnist_0549_label2_pred2.hex
550,7,7,correct,correct/mnist_0550_label7_pred7.hex
551,7,1,incorrect,incorrect/mnist_0551_label7_pred1.hex
552,0,0,correct,correct/mnist_0552_label0_pred0.hex
553,8,5,incorrect,incorrect/mnist_0553_label8_pred5.hex
554,7,7,correct,correct/mnist_0554_label7_pred7.hex
555,4,4,correct,correct/mnist_0555_label4_pred4.hex
556,4,4,correct,correct/mnist_0556_label4_pred4.hex
557,7,7,correct,correct/mnist_0557_label7_pred7.hex
558,9,9,correct,correct/mnist_0558_label9_pred9.hex
559,6,6,correct,correct/mnist_0559_label6_pred6.hex
560,9,9,correct,correct/mnist_0560_label9_pred9.hex
561,0,0,correct,correct/mnist_0561_label0_pred0.hex
562,9,4,incorrect,incorrect/mnist_0562_label9_pred4.hex
563,8,8,correct,correct/mnist_0563_label8_pred8.hex
564,0,0,correct,correct/mnist_0564_label0_pred0.hex
565,4,9,incorrect,incorrect/mnist_0565_label4_pred9.hex
566,6,6,correct,correct/mnist_0566_label6_pred6.hex
567,0,0,correct,correct/mnist_0567_label0_pred0.hex
568,6,6,correct,correct/mnist_0568_label6_pred6.hex
569,3,3,correct,correct/mnist_0569_label3_pred3.hex
570,5,5,correct,correct/mnist_0570_label5_pred5.hex
571,4,4,correct,correct/mnist_0571_label4_pred4.hex
572,8,8,correct,correct/mnist_0572_label8_pred8.hex
573,3,3,correct,correct/mnist_0573_label3_pred3.hex
574,3,3,correct,correct/mnist_0574_label3_pred3.hex
575,9,9,correct,correct/mnist_0575_label9_pred9.hex
576,3,3,correct,correct/mnist_0576_label3_pred3.hex
577,3,3,correct,correct/mnist_0577_label3_pred3.hex
578,3,2,incorrect,incorrect/mnist_0578_label3_pred2.hex
579,7,7,correct,correct/mnist_0579_label7_pred7.hex
580,8,8,correct,correct/mnist_0580_label8_pred8.hex
581,0,0,correct,correct/mnist_0581_label0_pred0.hex
582,8,1,incorrect,incorrect/mnist_0582_label8_pred1.hex
583,2,2,correct,correct/mnist_0583_label2_pred2.hex
584,1,1,correct,correct/mnist_0584_label1_pred1.hex
585,7,7,correct,correct/mnist_0585_label7_pred7.hex
586,0,0,correct,correct/mnist_0586_label0_pred0.hex
587,6,6,correct,correct/mnist_0587_label6_pred6.hex
588,5,5,correct,correct/mnist_0588_label5_pred5.hex
589,4,4,correct,correct/mnist_0589_label4_pred4.hex
590,3,3,correct,correct/mnist_0590_label3_pred3.hex
591,8,2,incorrect,incorrect/mnist_0591_label8_pred2.hex
592,0,0,correct,correct/mnist_0592_label0_pred0.hex
593,9,9,correct,correct/mnist_0593_label9_pred9.hex
594,6,6,correct,correct/mnist_0594_label6_pred6.hex
595,3,3,correct,correct/mnist_0595_label3_pred3.hex
596,8,8,correct,correct/mnist_0596_label8_pred8.hex
597,0,0,correct,correct/mnist_0597_label0_pred0.hex
598,9,9,correct,correct/mnist_0598_label9_pred9.hex
599,9,9,correct,correct/mnist_0599_label9_pred9.hex
600,6,6,correct,correct/mnist_0600_label6_pred6.hex
601,8,8,correct,correct/mnist_0601_label8_pred8.hex
602,6,6,correct,correct/mnist_0602_label6_pred6.hex
603,8,5,incorrect,incorrect/mnist_0603_label8_pred5.hex
604,5,5,correct,correct/mnist_0604_label5_pred5.hex
605,7,7,correct,correct/mnist_0605_label7_pred7.hex
606,8,8,correct,correct/mnist_0606_label8_pred8.hex
607,6,6,correct,correct/mnist_0607_label6_pred6.hex
608,0,0,correct,correct/mnist_0608_label0_pred0.hex
609,2,2,correct,correct/mnist_0609_label2_pred2.hex
610,4,2,incorrect,incorrect/mnist_0610_label4_pred2.hex
611,0,0,correct,correct/mnist_0611_label0_pred0.hex
612,2,2,correct,correct/mnist_0612_label2_pred2.hex
613,2,8,incorrect,incorrect/mnist_0613_label2_pred8.hex
614,3,3,correct,correct/mnist_0614_label3_pred3.hex
615,1,1,correct,correct/mnist_0615_label1_pred1.hex
616,9,9,correct,correct/mnist_0616_label9_pred9.hex
617,7,7,correct,correct/mnist_0617_label7_pred7.hex
618,5,3,incorrect,incorrect/mnist_0618_label5_pred3.hex
619,1,1,correct,correct/mnist_0619_label1_pred1.hex
620,0,0,correct,correct/mnist_0620_label0_pred0.hex
621,8,8,correct,correct/mnist_0621_label8_pred8.hex
622,4,4,correct,correct/mnist_0622_label4_pred4.hex
623,6,6,correct,correct/mnist_0623_label6_pred6.hex
624,2,1,incorrect,incorrect/mnist_0624_label2_pred1.hex
625,6,6,correct,correct/mnist_0625_label6_pred6.hex
626,7,7,correct,correct/mnist_0626_label7_pred7.hex
627,9,9,correct,correct/mnist_0627_label9_pred9.hex
628,3,9,incorrect,incorrect/mnist_0628_label3_pred9.hex
629,2,2,correct,correct/mnist_0629_label2_pred2.hex
630,9,9,correct,correct/mnist_0630_label9_pred9.hex
631,8,8,correct,correct/mnist_0631_label8_pred8.hex
632,2,2,correct,correct/mnist_0632_label2_pred2.hex
633,2,2,correct,correct/mnist_0633_label2_pred2.hex
634,9,9,correct,correct/mnist_0634_label9_pred9.hex
635,2,2,correct,correct/mnist_0635_label2_pred2.hex
636,7,7,correct,correct/mnist_0636_label7_pred7.hex
637,3,3,correct,correct/mnist_0637_label3_pred3.hex
638,5,0,incorrect,incorrect/mnist_0638_label5_pred0.hex
639,9,9,correct,correct/mnist_0639_label9_pred9.hex
640,1,1,correct,correct/mnist_0640_label1_pred1.hex
641,8,8,correct,correct/mnist_0641_label8_pred8.hex
642,0,0,correct,correct/mnist_0642_label0_pred0.hex
643,2,2,correct,correct/mnist_0643_label2_pred2.hex
644,0,0,correct,correct/mnist_0644_label0_pred0.hex
645,5,5,correct,correct/mnist_0645_label5_pred5.hex
646,2,2,correct,correct/mnist_0646_label2_pred2.hex
647,1,1,correct,correct/mnist_0647_label1_pred1.hex
648,3,3,correct,correct/mnist_0648_label3_pred3.hex
649,7,7,correct,correct/mnist_0649_label7_pred7.hex
650,6,6,correct,correct/mnist_0650_label6_pred6.hex
651,7,7,correct,correct/mnist_0651_label7_pred7.hex
652,1,1,correct,correct/mnist_0652_label1_pred1.hex
653,2,2,correct,correct/mnist_0653_label2_pred2.hex
654,5,5,correct,correct/mnist_0654_label5_pred5.hex
655,8,8,correct,correct/mnist_0655_label8_pred8.hex
656,0,0,correct,correct/mnist_0656_label0_pred0.hex
657,3,3,correct,correct/mnist_0657_label3_pred3.hex
658,7,9,incorrect,incorrect/mnist_0658_label7_pred9.hex
659,2,8,incorrect,incorrect/mnist_0659_label2_pred8.hex
660,4,4,correct,correct/mnist_0660_label4_pred4.hex
661,0,0,correct,correct/mnist_0661_label0_pred0.hex
662,9,9,correct,correct/mnist_0662_label9_pred9.hex
663,1,1,correct,correct/mnist_0663_label1_pred1.hex
664,8,8,correct,correct/mnist_0664_label8_pred8.hex
665,6,6,correct,correct/mnist_0665_label6_pred6.hex
666,7,7,correct,correct/mnist_0666_label7_pred7.hex
667,7,3,incorrect,incorrect/mnist_0667_label7_pred3.hex
668,4,4,correct,correct/mnist_0668_label4_pred4.hex
669,3,3,correct,correct/mnist_0669_label3_pred3.hex
670,4,4,correct,correct/mnist_0670_label4_pred4.hex
671,9,9,correct,correct/mnist_0671_label9_pred9.hex
672,1,1,correct,correct/mnist_0672_label1_pred1.hex
673,9,9,correct,correct/mnist_0673_label9_pred9.hex
674,5,0,incorrect,incorrect/mnist_0674_label5_pred0.hex
675,1,1,correct,correct/mnist_0675_label1_pred1.hex
676,7,7,correct,correct/mnist_0676_label7_pred7.hex
677,3,3,correct,correct/mnist_0677_label3_pred3.hex
678,9,9,correct,correct/mnist_0678_label9_pred9.hex
679,7,7,correct,correct/mnist_0679_label7_pred7.hex
680,6,6,correct,correct/mnist_0680_label6_pred6.hex
681,9,9,correct,correct/mnist_0681_label9_pred9.hex
682,1,1,correct,correct/mnist_0682_label1_pred1.hex
683,3,3,correct,correct/mnist_0683_label3_pred3.hex
684,7,2,incorrect,incorrect/mnist_0684_label7_pred2.hex
685,8,8,correct,correct/mnist_0685_label8_pred8.hex
686,3,3,correct,correct/mnist_0686_label3_pred3.hex
687,3,3,correct,correct/mnist_0687_label3_pred3.hex
688,6,6,correct,correct/mnist_0688_label6_pred6.hex
689,7,9,incorrect,incorrect/mnist_0689_label7_pred9.hex
690,2,2,correct,correct/mnist_0690_label2_pred2.hex
691,8,4,incorrect,incorrect/mnist_0691_label8_pred4.hex
692,5,5,correct,correct/mnist_0692_label5_pred5.hex
693,8,8,correct,correct/mnist_0693_label8_pred8.hex
694,5,5,correct,correct/mnist_0694_label5_pred5.hex
695,1,1,correct,correct/mnist_0695_label1_pred1.hex
696,1,1,correct,correct/mnist_0696_label1_pred1.hex
697,4,4,correct,correct/mnist_0697_label4_pred4.hex
698,4,4,correct,correct/mnist_0698_label4_pred4.hex
699,3,3,correct,correct/mnist_0699_label3_pred3.hex
700,1,1,correct,correct/mnist_0700_label1_pred1.hex
701,0,0,correct,correct/mnist_0701_label0_pred0.hex
702,7,7,correct,correct/mnist_0702_label7_pred7.hex
703,7,7,correct,correct/mnist_0703_label7_pred7.hex
704,0,0,correct,correct/mnist_0704_label0_pred0.hex
705,7,7,correct,correct/mnist_0705_label7_pred7.hex
706,9,9,correct,correct/mnist_0706_label9_pred9.hex
707,4,9,incorrect,incorrect/mnist_0707_label4_pred9.hex
708,4,4,correct,correct/mnist_0708_label4_pred4.hex
709,8,8,correct,correct/mnist_0709_label8_pred8.hex
710,5,5,correct,correct/mnist_0710_label5_pred5.hex
711,5,5,correct,correct/mnist_0711_label5_pred5.hex
712,4,4,correct,correct/mnist_0712_label4_pred4.hex
713,0,0,correct,correct/mnist_0713_label0_pred0.hex
714,8,5,incorrect,incorrect/mnist_0714_label8_pred5.hex
715,2,2,correct,correct/mnist_0715_label2_pred2.hex
716,1,1,correct,correct/mnist_0716_label1_pred1.hex
717,0,0,correct,correct/mnist_0717_label0_pred0.hex
718,8,8,correct,correct/mnist_0718_label8_pred8.hex
719,4,4,correct,correct/mnist_0719_label4_pred4.hex
720,5,2,incorrect,incorrect/mnist_0720_label5_pred2.hex
721,0,0,correct,correct/mnist_0721_label0_pred0.hex
722,4,4,correct,correct/mnist_0722_label4_pred4.hex
723,0,0,correct,correct/mnist_0723_label0_pred0.hex
724,6,6,correct,correct/mnist_0724_label6_pred6.hex
725,1,1,correct,correct/mnist_0725_label1_pred1.hex
726,7,7,correct,correct/mnist_0726_label7_pred7.hex
727,3,3,correct,correct/mnist_0727_label3_pred3.hex
728,2,2,correct,correct/mnist_0728_label2_pred2.hex
729,6,6,correct,correct/mnist_0729_label6_pred6.hex
730,7,7,correct,correct/mnist_0730_label7_pred7.hex
731,2,2,correct,correct/mnist_0731_label2_pred2.hex
732,6,6,correct,correct/mnist_0732_label6_pred6.hex
733,9,9,correct,correct/mnist_0733_label9_pred9.hex
734,3,3,correct,correct/mnist_0734_label3_pred3.hex
735,1,1,correct,correct/mnist_0735_label1_pred1.hex
736,4,4,correct,correct/mnist_0736_label4_pred4.hex
737,6,6,correct,correct/mnist_0737_label6_pred6.hex
738,2,2,correct,correct/mnist_0738_label2_pred2.hex
739,5,5,correct,correct/mnist_0739_label5_pred5.hex
740,4,9,incorrect,incorrect/mnist_0740_label4_pred9.hex
741,2,2,correct,correct/mnist_0741_label2_pred2.hex
742,0,0,correct,correct/mnist_0742_label0_pred0.hex
743,6,6,correct,correct/mnist_0743_label6_pred6.hex
744,2,2,correct,correct/mnist_0744_label2_pred2.hex
745,1,1,correct,correct/mnist_0745_label1_pred1.hex
746,7,7,correct,correct/mnist_0746_label7_pred7.hex
747,3,3,correct,correct/mnist_0747_label3_pred3.hex
748,4,4,correct,correct/mnist_0748_label4_pred4.hex
749,1,1,correct,correct/mnist_0749_label1_pred1.hex
750,0,0,correct,correct/mnist_0750_label0_pred0.hex
751,5,3,incorrect,incorrect/mnist_0751_label5_pred3.hex
752,4,4,correct,correct/mnist_0752_label4_pred4.hex
753,3,3,correct,correct/mnist_0753_label3_pred3.hex
754,1,1,correct,correct/mnist_0754_label1_pred1.hex
755,1,1,correct,correct/mnist_0755_label1_pred1.hex
756,7,7,correct,correct/mnist_0756_label7_pred7.hex
757,4,4,correct,correct/mnist_0757_label4_pred4.hex
758,9,9,correct,correct/mnist_0758_label9_pred9.hex
759,9,9,correct,correct/mnist_0759_label9_pred9.hex
760,4,4,correct,correct/mnist_0760_label4_pred4.hex
761,8,8,correct,correct/mnist_0761_label8_pred8.hex
762,4,4,correct,correct/mnist_0762_label4_pred4.hex
763,0,0,correct,correct/mnist_0763_label0_pred0.hex
764,2,2,correct,correct/mnist_0764_label2_pred2.hex
765,4,4,correct,correct/mnist_0765_label4_pred4.hex
766,5,5,correct,correct/mnist_0766_label5_pred5.hex
767,1,1,correct,correct/mnist_0767_label1_pred1.hex
768,1,1,correct,correct/mnist_0768_label1_pred1.hex
769,6,6,correct,correct/mnist_0769_label6_pred6.hex
770,4,4,correct,correct/mnist_0770_label4_pred4.hex
771,7,7,correct,correct/mnist_0771_label7_pred7.hex
772,1,1,correct,correct/mnist_0772_label1_pred1.hex
773,9,9,correct,correct/mnist_0773_label9_pred9.hex
774,4,4,correct,correct/mnist_0774_label4_pred4.hex
775,2,2,correct,correct/mnist_0775_label2_pred2.hex
776,4,4,correct,correct/mnist_0776_label4_pred4.hex
777,1,1,correct,correct/mnist_0777_label1_pred1.hex
778,5,5,correct,correct/mnist_0778_label5_pred5.hex
779,5,5,correct,correct/mnist_0779_label5_pred5.hex
780,3,3,correct,correct/mnist_0780_label3_pred3.hex
781,8,5,incorrect,incorrect/mnist_0781_label8_pred5.hex
782,3,3,correct,correct/mnist_0782_label3_pred3.hex
783,1,1,correct,correct/mnist_0783_label1_pred1.hex
784,4,4,correct,correct/mnist_0784_label4_pred4.hex
785,5,5,correct,correct/mnist_0785_label5_pred5.hex
786,6,6,correct,correct/mnist_0786_label6_pred6.hex
787,8,8,correct,correct/mnist_0787_label8_pred8.hex
788,9,9,correct,correct/mnist_0788_label9_pred9.hex
789,4,4,correct,correct/mnist_0789_label4_pred4.hex
790,1,1,correct,correct/mnist_0790_label1_pred1.hex
791,5,4,incorrect,incorrect/mnist_0791_label5_pred4.hex
792,3,3,correct,correct/mnist_0792_label3_pred3.hex
793,8,8,correct,correct/mnist_0793_label8_pred8.hex
794,0,0,correct,correct/mnist_0794_label0_pred0.hex
795,3,3,correct,correct/mnist_0795_label3_pred3.hex
796,2,2,correct,correct/mnist_0796_label2_pred2.hex
797,5,5,correct,correct/mnist_0797_label5_pred5.hex
798,1,1,correct,correct/mnist_0798_label1_pred1.hex
799,2,2,correct,correct/mnist_0799_label2_pred2.hex
800,8,5,incorrect,incorrect/mnist_0800_label8_pred5.hex
801,3,3,correct,correct/mnist_0801_label3_pred3.hex
802,4,4,correct,correct/mnist_0802_label4_pred4.hex
803,4,4,correct,correct/mnist_0803_label4_pred4.hex
804,0,0,correct,correct/mnist_0804_label0_pred0.hex
805,8,8,correct,correct/mnist_0805_label8_pred8.hex
806,8,8,correct,correct/mnist_0806_label8_pred8.hex
807,3,3,correct,correct/mnist_0807_label3_pred3.hex
808,3,3,correct,correct/mnist_0808_label3_pred3.hex
809,1,1,correct,correct/mnist_0809_label1_pred1.hex
810,7,2,incorrect,incorrect/mnist_0810_label7_pred2.hex
811,3,3,correct,correct/mnist_0811_label3_pred3.hex
812,5,5,correct,correct/mnist_0812_label5_pred5.hex
813,9,9,correct,correct/mnist_0813_label9_pred9.hex
814,6,6,correct,correct/mnist_0814_label6_pred6.hex
815,3,3,correct,correct/mnist_0815_label3_pred3.hex
816,2,2,correct,correct/mnist_0816_label2_pred2.hex
817,6,0,incorrect,incorrect/mnist_0817_label6_pred0.hex
818,1,1,correct,correct/mnist_0818_label1_pred1.hex
819,3,3,correct,correct/mnist_0819_label3_pred3.hex
820,6,6,correct,correct/mnist_0820_label6_pred6.hex
821,0,0,correct,correct/mnist_0821_label0_pred0.hex
822,7,7,correct,correct/mnist_0822_label7_pred7.hex
823,2,2,correct,correct/mnist_0823_label2_pred2.hex
824,1,1,correct,correct/mnist_0824_label1_pred1.hex
825,7,7,correct,correct/mnist_0825_label7_pred7.hex
826,1,1,correct,correct/mnist_0826_label1_pred1.hex
827,4,4,correct,correct/mnist_0827_label4_pred4.hex
828,2,2,correct,correct/mnist_0828_label2_pred2.hex
829,4,8,incorrect,incorrect/mnist_0829_label4_pred8.hex
830,2,2,correct,correct/mnist_0830_label2_pred2.hex
831,1,1,correct,correct/mnist_0831_label1_pred1.hex
832,7,7,correct,correct/mnist_0832_label7_pred7.hex
833,9,9,correct,correct/mnist_0833_label9_pred9.hex
834,6,6,correct,correct/mnist_0834_label6_pred6.hex
835,1,1,correct,correct/mnist_0835_label1_pred1.hex
836,1,1,correct,correct/mnist_0836_label1_pred1.hex
837,2,2,correct,correct/mnist_0837_label2_pred2.hex
838,4,4,correct,correct/mnist_0838_label4_pred4.hex
839,8,3,incorrect,incorrect/mnist_0839_label8_pred3.hex
840,1,1,correct,correct/mnist_0840_label1_pred1.hex
841,7,7,correct,correct/mnist_0841_label7_pred7.hex
842,7,3,incorrect,incorrect/mnist_0842_label7_pred3.hex
843,4,4,correct,correct/mnist_0843_label4_pred4.hex
844,8,2,incorrect,incorrect/mnist_0844_label8_pred2.hex
845,0,0,correct,correct/mnist_0845_label0_pred0.hex
846,7,7,correct,correct/mnist_0846_label7_pred7.hex
847,3,3,correct,correct/mnist_0847_label3_pred3.hex
848,1,1,correct,correct/mnist_0848_label1_pred1.hex
849,3,3,correct,correct/mnist_0849_label3_pred3.hex
850,1,1,correct,correct/mnist_0850_label1_pred1.hex
851,0,0,correct,correct/mnist_0851_label0_pred0.hex
852,7,7,correct,correct/mnist_0852_label7_pred7.hex
853,7,7,correct,correct/mnist_0853_label7_pred7.hex
854,0,0,correct,correct/mnist_0854_label0_pred0.hex
855,3,3,correct,correct/mnist_0855_label3_pred3.hex
856,5,5,correct,correct/mnist_0856_label5_pred5.hex
857,5,3,incorrect,incorrect/mnist_0857_label5_pred3.hex
858,2,2,correct,correct/mnist_0858_label2_pred2.hex
859,7,7,correct,correct/mnist_0859_label7_pred7.hex
860,6,6,correct,correct/mnist_0860_label6_pred6.hex
861,6,6,correct,correct/mnist_0861_label6_pred6.hex
862,9,9,correct,correct/mnist_0862_label9_pred9.hex
863,2,2,correct,correct/mnist_0863_label2_pred2.hex
864,8,8,correct,correct/mnist_0864_label8_pred8.hex
865,3,3,correct,correct/mnist_0865_label3_pred3.hex
866,5,5,correct,correct/mnist_0866_label5_pred5.hex
867,2,2,correct,correct/mnist_0867_label2_pred2.hex
868,2,2,correct,correct/mnist_0868_label2_pred2.hex
869,5,5,correct,correct/mnist_0869_label5_pred5.hex
870,6,6,correct,correct/mnist_0870_label6_pred6.hex
871,0,0,correct,correct/mnist_0871_label0_pred0.hex
872,8,8,correct,correct/mnist_0872_label8_pred8.hex
873,2,2,correct,correct/mnist_0873_label2_pred2.hex
874,9,9,correct,correct/mnist_0874_label9_pred9.hex
875,2,2,correct,correct/mnist_0875_label2_pred2.hex
876,8,8,correct,correct/mnist_0876_label8_pred8.hex
877,8,2,incorrect,incorrect/mnist_0877_label8_pred2.hex
878,8,8,correct,correct/mnist_0878_label8_pred8.hex
879,8,8,correct,correct/mnist_0879_label8_pred8.hex
880,7,7,correct,correct/mnist_0880_label7_pred7.hex
881,4,9,incorrect,incorrect/mnist_0881_label4_pred9.hex
882,9,7,incorrect,incorrect/mnist_0882_label9_pred7.hex
883,3,3,correct,correct/mnist_0883_label3_pred3.hex
884,0,0,correct,correct/mnist_0884_label0_pred0.hex
885,6,6,correct,correct/mnist_0885_label6_pred6.hex
886,6,6,correct,correct/mnist_0886_label6_pred6.hex
887,3,3,correct,correct/mnist_0887_label3_pred3.hex
888,2,2,correct,correct/mnist_0888_label2_pred2.hex
889,1,1,correct,correct/mnist_0889_label1_pred1.hex
890,3,3,correct,correct/mnist_0890_label3_pred3.hex
891,2,2,correct,correct/mnist_0891_label2_pred2.hex
892,2,2,correct,correct/mnist_0892_label2_pred2.hex
893,9,7,incorrect,incorrect/mnist_0893_label9_pred7.hex
894,3,3,correct,correct/mnist_0894_label3_pred3.hex
895,0,0,correct,correct/mnist_0895_label0_pred0.hex
896,0,0,correct,correct/mnist_0896_label0_pred0.hex
897,5,5,correct,correct/mnist_0897_label5_pred5.hex
898,7,8,incorrect,incorrect/mnist_0898_label7_pred8.hex
899,8,8,correct,correct/mnist_0899_label8_pred8.hex
900,1,1,correct,correct/mnist_0900_label1_pred1.hex
901,4,4,correct,correct/mnist_0901_label4_pred4.hex
902,4,4,correct,correct/mnist_0902_label4_pred4.hex
903,6,6,correct,correct/mnist_0903_label6_pred6.hex
904,0,0,correct,correct/mnist_0904_label0_pred0.hex
905,2,2,correct,correct/mnist_0905_label2_pred2.hex
906,9,9,correct,correct/mnist_0906_label9_pred9.hex
907,1,1,correct,correct/mnist_0907_label1_pred1.hex
908,4,4,correct,correct/mnist_0908_label4_pred4.hex
909,7,7,correct,correct/mnist_0909_label7_pred7.hex
910,4,4,correct,correct/mnist_0910_label4_pred4.hex
911,7,7,correct,correct/mnist_0911_label7_pred7.hex
912,3,3,correct,correct/mnist_0912_label3_pred3.hex
913,9,9,correct,correct/mnist_0913_label9_pred9.hex
914,8,8,correct,correct/mnist_0914_label8_pred8.hex
915,8,8,correct,correct/mnist_0915_label8_pred8.hex
916,4,4,correct,correct/mnist_0916_label4_pred4.hex
917,7,7,correct,correct/mnist_0917_label7_pred7.hex
918,1,1,correct,correct/mnist_0918_label1_pred1.hex
919,2,2,correct,correct/mnist_0919_label2_pred2.hex
920,1,1,correct,correct/mnist_0920_label1_pred1.hex
921,2,2,correct,correct/mnist_0921_label2_pred2.hex
922,2,2,correct,correct/mnist_0922_label2_pred2.hex
923,3,3,correct,correct/mnist_0923_label3_pred3.hex
924,2,7,incorrect,incorrect/mnist_0924_label2_pred7.hex
925,3,3,correct,correct/mnist_0925_label3_pred3.hex
926,2,2,correct,correct/mnist_0926_label2_pred2.hex
927,3,3,correct,correct/mnist_0927_label3_pred3.hex
928,9,9,correct,correct/mnist_0928_label9_pred9.hex
929,1,1,correct,correct/mnist_0929_label1_pred1.hex
930,7,7,correct,correct/mnist_0930_label7_pred7.hex
931,4,4,correct,correct/mnist_0931_label4_pred4.hex
932,0,0,correct,correct/mnist_0932_label0_pred0.hex
933,3,3,correct,correct/mnist_0933_label3_pred3.hex
934,5,5,correct,correct/mnist_0934_label5_pred5.hex
935,5,5,correct,correct/mnist_0935_label5_pred5.hex
936,8,8,correct,correct/mnist_0936_label8_pred8.hex
937,6,6,correct,correct/mnist_0937_label6_pred6.hex
938,3,5,incorrect,incorrect/mnist_0938_label3_pred5.hex
939,2,0,incorrect,incorrect/mnist_0939_label2_pred0.hex
940,6,6,correct,correct/mnist_0940_label6_pred6.hex
941,7,7,correct,correct/mnist_0941_label7_pred7.hex
942,6,6,correct,correct/mnist_0942_label6_pred6.hex
943,6,6,correct,correct/mnist_0943_label6_pred6.hex
944,3,3,correct,correct/mnist_0944_label3_pred3.hex
945,2,2,correct,correct/mnist_0945_label2_pred2.hex
946,7,7,correct,correct/mnist_0946_label7_pred7.hex
947,8,9,incorrect,incorrect/mnist_0947_label8_pred9.hex
948,1,1,correct,correct/mnist_0948_label1_pred1.hex
949,1,1,correct,correct/mnist_0949_label1_pred1.hex
950,7,2,incorrect,incorrect/mnist_0950_label7_pred2.hex
951,5,4,incorrect,incorrect/mnist_0951_label5_pred4.hex
952,6,2,incorrect,incorrect/mnist_0952_label6_pred2.hex
953,4,4,correct,correct/mnist_0953_label4_pred4.hex
954,9,9,correct,correct/mnist_0954_label9_pred9.hex
955,5,5,correct,correct/mnist_0955_label5_pred5.hex
956,1,1,correct,correct/mnist_0956_label1_pred1.hex
957,3,3,correct,correct/mnist_0957_label3_pred3.hex
958,3,0,incorrect,incorrect/mnist_0958_label3_pred0.hex
959,4,9,incorrect,incorrect/mnist_0959_label4_pred9.hex
960,7,1,incorrect,incorrect/mnist_0960_label7_pred1.hex
961,8,8,correct,correct/mnist_0961_label8_pred8.hex
962,9,9,correct,correct/mnist_0962_label9_pred9.hex
963,1,1,correct,correct/mnist_0963_label1_pred1.hex
964,1,1,correct,correct/mnist_0964_label1_pred1.hex
965,6,0,incorrect,incorrect/mnist_0965_label6_pred0.hex
966,9,9,correct,correct/mnist_0966_label9_pred9.hex
967,1,1,correct,correct/mnist_0967_label1_pred1.hex
968,4,4,correct,correct/mnist_0968_label4_pred4.hex
969,4,4,correct,correct/mnist_0969_label4_pred4.hex
970,5,5,correct,correct/mnist_0970_label5_pred5.hex
971,4,4,correct,correct/mnist_0971_label4_pred4.hex
972,0,0,correct,correct/mnist_0972_label0_pred0.hex
973,6,6,correct,correct/mnist_0973_label6_pred6.hex
974,2,2,correct,correct/mnist_0974_label2_pred2.hex
975,2,3,incorrect,incorrect/mnist_0975_label2_pred3.hex
976,3,3,correct,correct/mnist_0976_label3_pred3.hex
977,1,1,correct,correct/mnist_0977_label1_pred1.hex
978,5,5,correct,correct/mnist_0978_label5_pred5.hex
979,1,1,correct,correct/mnist_0979_label1_pred1.hex
980,2,2,correct,correct/mnist_0980_label2_pred2.hex
981,0,0,correct,correct/mnist_0981_label0_pred0.hex
982,3,3,correct,correct/mnist_0982_label3_pred3.hex
983,8,8,correct,correct/mnist_0983_label8_pred8.hex
984,1,1,correct,correct/mnist_0984_label1_pred1.hex
985,2,2,correct,correct/mnist_0985_label2_pred2.hex
986,6,6,correct,correct/mnist_0986_label6_pred6.hex
987,7,7,correct,correct/mnist_0987_label7_pred7.hex
988,1,1,correct,correct/mnist_0988_label1_pred1.hex
989,6,6,correct,correct/mnist_0989_label6_pred6.hex
990,2,2,correct,correct/mnist_0990_label2_pred2.hex
991,3,3,correct,correct/mnist_0991_label3_pred3.hex
992,9,4,incorrect,incorrect/mnist_0992_label9_pred4.hex
993,0,0,correct,correct/mnist_0993_label0_pred0.hex
994,1,1,correct,correct/mnist_0994_label1_pred1.hex
995,2,2,correct,correct/mnist_0995_label2_pred2.hex
996,2,2,correct,correct/mnist_0996_label2_pred2.hex
997,0,0,correct,correct/mnist_0997_label0_pred0.hex
998,8,8,correct,correct/mnist_0998_label8_pred8.hex
999,9,9,correct,correct/mnist_0999_label9_pred9.hex